venue_id,name,branch_name,suburb,address,lat,lon,category_primary,cuisines,rating,review_count,rating_source,rating_observed_at,shrunk_rating,conservative_rating_proxy,borderline,oldest_observation_days,gate_name,gate_pass,confidence,freshness,price_min_aud,price_max_aud,price_unit,price_source_type,price_observed_at,two_person_total_min,two_person_total_max,status,price_source_url
bne-exhibition,Exhibition,,Brisbane City,Basement 2/109 Edward St,-27.46998,153.02894,restaurant,modern_australian;degustation,4.9,397,google_mirror,2026-09-28,4.716,4.818,False,1,main,True,low,0.996,255,335,per_person_set,official,2026-09-28,510,670,active,https://www.exhibitionrestaurant.com/menu
bne-longtime-dining,Longtime Dining,,Brisbane City,"L1, 226 Queen St",-27.46828,153.02609,restaurant,chinese;cantonese;yum_cha,4.8,4821,google_live,2026-09-29,4.782,4.774,False,0,main,True,medium,1.0,15,47,item,menu_photo,2026-09-29,,,active,https://www.google.com/maps/search/?api=1&query=LONGTIME+DINING
bne-longwang,Longwang,,Brisbane City,144 Edward St,-27.46987,153.02799,restaurant,pan_asian,4.8,2118,google_mirror,2026-09-28,4.761,4.76,False,1,main,True,low,0.996,88,149,per_person_set,official,2026-09-28,176,298,active,https://www.longwang.com.au/banquets
bne-oh-boy-bok-choy,"Oh Boy, Bok Choy!",,Stafford,264 Stafford Rd,-27.41111,153.01966,restaurant,southeast_asian,4.8,1991,google_mirror,2026-09-28,4.759,4.758,False,1,main,True,low,0.996,62.5,62.5,per_person_set,official,2026-09-28,125,125,active,https://www.ohboybokchoy.com.au/
bne-little-black-pug,Little Black Pug,,Mount Gravatt,6/1297 Logan Rd,-27.534,153.07527,cafe,brunch,4.8,1695,google_live,2026-09-29,4.753,4.754,False,1,main,True,high,0.996,9,31,item,official,2026-09-28,,,active,https://www.littleblackpug.com.au/
bne-short-grain,Short Grain,,Fortitude Valley,15 Marshall St,-27.45946,153.03479,restaurant,thai,4.8,606,google_mirror,2026-09-28,4.688,4.719,False,1,main,True,low,0.996,55,125,per_person_set,official,2026-09-28,110,250,active,https://www.shortgrain.com.au/menu
bne-farm-house-kedron,Farm House,Kedron,Kedron,9 Somerset Rd,-27.40793,153.03168,cafe,brunch,4.7,2981,google_mirror,2026-09-28,4.678,4.66,True,1,main,True,low,0.996,25.5,28.5,item,official,2026-09-28,,,active,https://www.farmhousekedron.com.au/
bne-1889-enoteca,1889 Enoteca,,Woolloongabba,10-12 Logan Rd,-27.48685,153.03658,restaurant,italian;roman,4.7,2341,google_mirror,2026-09-28,4.672,4.654,True,1,main,True,low,0.996,21,100,item,official,2026-09-28,,,active,https://bopple.app/5324/menu
bne-naim,NAÏM,,Paddington,14 Collingwood St,-27.45793,152.99425,restaurant,middle_eastern,4.7,1849,google_mirror,2026-09-28,4.666,4.648,True,1,main,True,low,0.996,14,29,item,official,2026-09-28,,,active,https://bopple.app/naim-restaurant
bne-honto,hôntô,,Fortitude Valley,Alden St,-27.45602,153.03446,restaurant,japanese,4.7,1603,google_mirror,2026-09-28,4.661,4.644,True,1,main,True,low,0.996,89,130,per_person_set,official,2026-09-28,178,260,active,https://anyday.com.au/honto-menus
bne-beccofino,Beccofino,,Teneriffe,10 Vernon Tce,-27.4559,153.04976,restaurant,italian;pizza,4.7,1220,google_mirror,2026-09-28,4.651,4.635,True,1,main,True,low,0.996,28.5,60,item,official,2026-09-28,,,active,https://www.beccofino.com.au/s/Beccofino_menu.pdf
bne-rothwells,Rothwell's Bar & Grill,,Brisbane City,235 Edward St,-27.46772,153.02669,restaurant,grill;steak,4.7,1067,google_live,2026-09-29,4.645,4.631,True,0,main,True,medium,1.0,12,134,item,menu_photo,2026-09-29,,,active,https://www.google.com/maps/search/?api=1&query=Rothwells+Bar+and+Grill
bne-smoked-paprika,Smoked Paprika,,Paddington,2/5 Nash St,-27.46585,152.99717,cafe,hungarian;brunch,4.7,924,google_mirror,2026-09-28,4.638,4.625,True,1,main,True,low,0.996,13.9,29.9,item,official,2026-09-28,,,active,https://smokedpaprika.com.au/menu-classic/
bne-montrachet,Montrachet,,Bowen Hills,1/30 King St,-27.45212,153.03339,restaurant,french,4.7,890,google_mirror,2026-09-28,4.636,4.623,True,1,main,True,low,0.996,26,82,item,official,2026-09-28,,,active,https://www.montrachet.com.au/s/Menu-Back.pdf
bne-naldham-house,Naldham House,The Brasserie,Brisbane City,Mary St & Felix St,-27.47052,153.03014,restaurant,brasserie,4.7,432,google_mirror,2026-09-28,4.589,4.585,True,1,main,True,low,0.996,,,,,,,,active,
bne-unbearable-bagels,Unbearable Bagels,,Teneriffe,39 Vernon Tce,-27.45416,153.04972,cafe,bagels;coffee,4.7,333,google_mirror,2026-09-28,4.569,4.566,True,1,main,True,low,0.996,6,20,item,official,2026-09-28,,,active,https://bopple.app/unbearablebagels
bne-joy,Joy,,Fortitude Valley,"Shop 7, 694 Ann St",-27.45797,153.03519,restaurant,tasting_menu,4.7,215,google_mirror,2026-09-28,4.531,4.527,True,1,main,True,low,0.996,220,220,per_person_set,official,2026-09-28,440,440,active,https://www.joyrestaurant.com.au/new-page-1
bne-the-fifty-six,The Fifty Six,,Brisbane City,Level 2/33 Felix St,-27.47052,153.03014,restaurant,chinese;cantonese,4.7,207,google_mirror,2026-09-28,4.528,4.523,True,1,main,True,low,0.996,82,120,per_person_set,official,2026-09-28,164,240,active,https://www.thefiftysix.com.au/menu
bne-john-mills-himself,John Mills Himself,,Brisbane City,40 Charlotte St,-27.4717,153.02556,cafe,coffee;bar,4.8,1120,google_live,2026-09-29,4.732,4.743,False,0,main,True,medium,1.0,1,20,per_person_reported,google_reported,2026-09-29,2,40,active,https://www.google.com/maps/search/?api=1&query=John+Mills+Himself
bne-hashtag-burgers,Hashtag Burgers and Waffles,Fortitude Valley,Fortitude Valley,Shop 3/477 Brunswick St,-27.46084,153.03782,takeaway,burgers,4.7,2154,google_live,2026-09-29,4.67,4.652,True,0,main,True,medium,1.0,10,35,item,menu_photo,2026-09-29,,,active,https://www.google.com/maps/search/?api=1&query=Hashtag+Burgers+and+Waffles
bne-sono-portside,Sono Japanese,Portside Wharf,Hamilton,39 Hercules St,-27.44047,153.06995,restaurant,japanese,4.7,2388,google_live,2026-09-29,4.673,4.655,True,0,main,True,medium,1.0,,,,,,,,active,
bne-vegeme,Vegeme,,South Brisbane,Shop 9/220 Melbourne St,-27.47709,153.01335,restaurant,vegetarian;vietnamese,4.7,1001,google_live,2026-09-29,4.642,4.628,True,0,main,True,medium,1.0,1,20,per_person_reported,google_reported,2026-09-29,2,40,active,https://www.google.com/maps/search/?api=1&query=Vegeme
bne-ngon,Ngon Brisbane,,Paddington,183 Given Tce,-27.46161,153.00679,restaurant,vietnamese,4.7,648,google_live,2026-09-29,4.617,4.608,True,0,main,True,high,1.0,16,32,item,official,2026-09-29,,,active,https://static1.squarespace.com/static/5cd8c0ddb10f252dce3b0a20/t/69e60d4f1cdc912231e2c0eb/1776684456727/ngon_menu.pdf
bne-nekoland,Nekoland Ramen & Bar,,West End,120 Boundary St,-27.4825,153.0105,restaurant,japanese;ramen,4.8,229,google_live,2026-09-29,4.59,4.654,True,0,main,True,medium,1.0,20,40,per_person_reported,google_reported,2026-09-29,40,80,active,https://www.google.com/maps/search/?api=1&query=Nekoland+Ramen+%26+Bar
bne-chocolate-elements,Chocolate Elements,,South Brisbane,99 Melbourne St,-27.476,153.0148,dessert,chocolate;dessert,4.7,241,google_live,2026-09-29,4.541,4.539,True,0,main,True,medium,1.0,,,,,,,,active,
