venue_id,name,branch_name,address,suburb,lat,lon,category_primary,cuisines,google_place_id,rating,review_count,rating_source,rating_observed_at,price_min_aud,price_max_aud,price_unit,price_source_type,price_source_url,price_observed_at,gate_name,status,notes
bne-exhibition,Exhibition,,Basement 2/109 Edward St,Brisbane City,-27.46998,153.02894,restaurant,modern_australian;degustation,,4.9,397,google_mirror,2026-09-28,255,335,per_person_set,official,https://www.exhibitionrestaurant.com/menu,2026-09-28,main,active,$255 weekday / $335 weekend; pairings $90-340
bne-longtime-dining,Longtime Dining,,"L1, 226 Queen St",Brisbane City,-27.46828,153.02609,restaurant,chinese;cantonese;yum_cha,,4.8,4821,google_live,2026-09-29,15,47,item,menu_photo,https://www.google.com/maps/search/?api=1&query=LONGTIME+DINING,2026-09-29,main,active,Official menu page renders blank; prices read off a Google review photo
bne-longwang,Longwang,,144 Edward St,Brisbane City,-27.46987,153.02799,restaurant,pan_asian,,4.8,2118,google_mirror,2026-09-28,88,149,per_person_set,official,https://www.longwang.com.au/banquets,2026-09-28,main,active,Jade $88 / Dragon's $122 / Claw Feast $149; PH surcharge 20%
bne-oh-boy-bok-choy,"Oh Boy, Bok Choy!",,264 Stafford Rd,Stafford,-27.41111,153.01966,restaurant,southeast_asian,,4.8,1991,google_mirror,2026-09-28,62.5,62.5,per_person_set,official,https://www.ohboybokchoy.com.au/,2026-09-28,main,active,Banquet $62.5pp; Fri-Sun long lunch $89pp incl 2h drinks
bne-little-black-pug,Little Black Pug,,6/1297 Logan Rd,Mount Gravatt,-27.534,153.07527,cafe,brunch,,4.8,1695,google_live,2026-09-29,9,31,item,official,https://www.littleblackpug.com.au/,2026-09-28,main,active,
bne-short-grain,Short Grain,,15 Marshall St,Fortitude Valley,-27.45946,153.03479,restaurant,thai,,4.8,606,google_mirror,2026-09-28,55,125,per_person_set,official,https://www.shortgrain.com.au/menu,2026-09-28,main,active,"Sun +10%, PH +15%; closed Mon-Tue"
bne-farm-house-kedron,Farm House,Kedron,9 Somerset Rd,Kedron,-27.40793,153.03168,cafe,brunch,,4.7,2981,google_mirror,2026-09-28,25.5,28.5,item,official,https://www.farmhousekedron.com.au/,2026-09-28,main,active,"Weekend +5%, PH +16.5%"
bne-1889-enoteca,1889 Enoteca,,10-12 Logan Rd,Woolloongabba,-27.48685,153.03658,restaurant,italian;roman,,4.7,2341,google_mirror,2026-09-28,21,100,item,official,https://bopple.app/5324/menu,2026-09-28,main,active,Takeaway menu prices; dine-in may differ
bne-naim,NAÏM,,14 Collingwood St,Paddington,-27.45793,152.99425,restaurant,middle_eastern,,4.7,1849,google_mirror,2026-09-28,14,29,item,official,https://bopple.app/naim-restaurant,2026-09-28,main,active,Breakfast/lunch prices; dinner banquet not published
bne-honto,hôntô,,Alden St,Fortitude Valley,-27.45602,153.03446,restaurant,japanese,,4.7,1603,google_mirror,2026-09-28,89,130,per_person_set,official,https://anyday.com.au/honto-menus,2026-09-28,main,active,"Weekend +10%, PH +15%; hidden black door entrance"
bne-beccofino,Beccofino,,10 Vernon Tce,Teneriffe,-27.4559,153.04976,restaurant,italian;pizza,,4.7,1220,google_mirror,2026-09-28,28.5,60,item,official,https://www.beccofino.com.au/s/Beccofino_menu.pdf,2026-09-28,main,active,"Sun +10%, PH +15%"
bne-rothwells,Rothwell's Bar & Grill,,235 Edward St,Brisbane City,-27.46772,153.02669,restaurant,grill;steak,,4.7,1067,google_live,2026-09-29,12,134,item,menu_photo,https://www.google.com/maps/search/?api=1&query=Rothwells+Bar+and+Grill,2026-09-29,main,active,Official menu PDF 404s; prices from a review photo. Grill section out of focus - not transcribed
bne-smoked-paprika,Smoked Paprika,,2/5 Nash St,Paddington,-27.46585,152.99717,cafe,hungarian;brunch,,4.7,924,google_mirror,2026-09-28,13.9,29.9,item,official,https://smokedpaprika.com.au/menu-classic/,2026-09-28,main,active,
bne-montrachet,Montrachet,,1/30 King St,Bowen Hills,-27.45212,153.03339,restaurant,french,,4.7,890,google_mirror,2026-09-28,26,82,item,official,https://www.montrachet.com.au/s/Menu-Back.pdf,2026-09-28,main,active,"6-course degustation $150 (third-party, unverified); PH +15%"
bne-naldham-house,Naldham House,The Brasserie,Mary St & Felix St,Brisbane City,-27.47052,153.03014,restaurant,brasserie,,4.7,432,google_mirror,2026-09-28,,,,,,,main,active,Heritage building with four venues; The Brasserie has no separate menu page
bne-unbearable-bagels,Unbearable Bagels,,39 Vernon Tce,Teneriffe,-27.45416,153.04972,cafe,bagels;coffee,,4.7,333,google_mirror,2026-09-28,6,20,item,official,https://bopple.app/unbearablebagels,2026-09-28,main,active,
bne-joy,Joy,,"Shop 7, 694 Ann St",Fortitude Valley,-27.45797,153.03519,restaurant,tasting_menu,,4.7,215,google_mirror,2026-09-28,220,220,per_person_set,official,https://www.joyrestaurant.com.au/new-page-1,2026-09-28,main,active,"10 seats, 2 sittings; books 3 months ahead; no vegan/GF/seafood-free"
bne-the-fifty-six,The Fifty Six,,Level 2/33 Felix St,Brisbane City,-27.47052,153.03014,restaurant,chinese;cantonese,,4.7,207,google_mirror,2026-09-28,82,120,per_person_set,official,https://www.thefiftysix.com.au/menu,2026-09-28,main,active,Short Set $82 (+$80 pairing) / Long Set $120 (+$118)
bne-john-mills-himself,John Mills Himself,,40 Charlotte St,Brisbane City,-27.4717,153.02556,cafe,coffee;bar,,4.8,1120,google_live,2026-09-29,1,20,per_person_reported,google_reported,https://www.google.com/maps/search/?api=1&query=John+Mills+Himself,2026-09-29,main,active,
bne-hashtag-burgers,Hashtag Burgers and Waffles,Fortitude Valley,Shop 3/477 Brunswick St,Fortitude Valley,-27.46084,153.03782,takeaway,burgers,,4.7,2154,google_live,2026-09-29,10,35,item,menu_photo,https://www.google.com/maps/search/?api=1&query=Hashtag+Burgers+and+Waffles,2026-09-29,main,active,Menu read off a Google review photo
bne-sono-portside,Sono Japanese,Portside Wharf,39 Hercules St,Hamilton,-27.44047,153.06995,restaurant,japanese,,4.7,2388,google_live,2026-09-29,,,,,,,main,active,AGFG 12 points; no price retrieved
bne-vegeme,Vegeme,,Shop 9/220 Melbourne St,South Brisbane,-27.47709,153.01335,restaurant,vegetarian;vietnamese,,4.7,1001,google_live,2026-09-29,1,20,per_person_reported,google_reported,https://www.google.com/maps/search/?api=1&query=Vegeme,2026-09-29,main,active,
bne-ngon,Ngon Brisbane,,183 Given Tce,Paddington,-27.46161,153.00679,restaurant,vietnamese,,4.7,648,google_live,2026-09-29,16,32,item,official,https://static1.squarespace.com/static/5cd8c0ddb10f252dce3b0a20/t/69e60d4f1cdc912231e2c0eb/1776684456727/ngon_menu.pdf,2026-09-29,main,active,Menu PDF link surfaced via Google Maps
bne-nekoland,Nekoland Ramen & Bar,,120 Boundary St,West End,-27.4825,153.0105,restaurant,japanese;ramen,,4.8,229,google_live,2026-09-29,20,40,per_person_reported,google_reported,https://www.google.com/maps/search/?api=1&query=Nekoland+Ramen+%26+Bar,2026-09-29,main,active,"Found by random sampling of the council register, not by any listicle"
bne-chocolate-elements,Chocolate Elements,,99 Melbourne St,South Brisbane,-27.476,153.0148,dessert,chocolate;dessert,,4.7,241,google_live,2026-09-29,,,,,,,main,active,Found by random sampling; licence holder is 'Toiseach Pty Ltd T/As Chocolate Elements'
